<?xml version="1.0"?>
<ns8:StructureSpecificData xmlns:ns6="http://www.sdmx.org/resources/sdmxml/schemas/v2_1/metadata/generic" xmlns:ns5="http://www.sdmx.org/resources/sdmxml/schemas/v2_1/data/generic" xmlns:ns8="http://www.sdmx.org/resources/sdmxml/schemas/v2_1/message" xmlns:ns7="http://www.sdmx.org/resources/sdmxml/schemas/v2_1/metadata/structurespecific" xmlns:ns9="http://www.sdmx.org/resources/sdmxml/schemas/v2_1/message/footer" xmlns:ns2="http://www.sdmx.org/resources/sdmxml/schemas/v2_1/common" xmlns:ns4="http://www.sdmx.org/resources/sdmxml/schemas/v2_1/structure" xmlns:ns3="http://www.sdmx.org/resources/sdmxml/schemas/v2_1/data/structurespecific">
  <ns8:Header xmlns:xsi="http://www.w3.org/2001/XMLSchema-instance" xsi:type="ns8:StructureSpecificDataHeaderType">
    <ns8:ID>2020123120221031222148</ns8:ID>
    <ns8:Test>false</ns8:Test>
    <ns8:Prepared>2022-10-31T22:21:48+02:00</ns8:Prepared>
    <ns8:Sender id="50310900" />
    <ns8:Structure xsi:type="ns2:StructureSpecificDataStructureType" dimensionAtObservation="AllDimensions" namespace="BBK_ANCRDT_CNFRMTN_HDR_C" structureID="BBK_ANCRDT_CNFRMTN_HDR_C">
      <ns2:Structure xsi:type="ns2:DataStructureReferenceType">
        <Ref agencyID="BBK" id="BBK_ANCRDT_CNFRMTN_HDR_C" />
      </ns2:Structure>
    </ns8:Structure>
    <ns8:Structure xsi:type="ns2:StructureSpecificDataStructureType" dimensionAtObservation="AllDimensions" namespace="BBK_ANCRDT_CNFRMTN_C" structureID="BBK_ANCRDT_CNFRMTN_C">
      <ns2:Structure xsi:type="ns2:DataStructureReferenceType">
        <Ref agencyID="BBK" id="BBK_ANCRDT_CNFRMTN_C" />
      </ns2:Structure>
    </ns8:Structure>
  </ns8:Header>
  <ns8:DataSet xmlns:ns11="http://www.bundesbank.de/statistik/anacredit/cnfrmtn/v2" xmlns:xsi="http://www.w3.org/2001/XMLSchema-instance" xsi:type="ns11:BBK_ANCRDT_CNFRMTN_HDR_C" ns3:structureRef="BBK_ANCRDT_CNFRMTN_HDR_C" ns3:dataScope="DataStructure">
    <Obs SRVY_ID="CNFRMTN" APPLCTN="AC" xsi:type="ns11:ObsBBK_ANCRDT_CNFRMTN_HDR_C" RPRTNG_AGNT_CD="50310900" DT_RFRNC="202112" OBSRVD_AGNT_CD="50310900" />
  </ns8:DataSet>
  <ns8:DataSet xmlns:ns11="http://www.bundesbank.de/statistik/anacredit/cnfrmtn/v2" xmlns:xsi="http://www.w3.org/2001/XMLSchema-instance" ns3:action="Replace" xsi:type="ns11:BBK_ANCRDT_CNFRMTN_C" ns3:structureRef="BBK_ANCRDT_CNFRMTN_C" ns3:dataScope="DataStructure">
    <Obs INSTRMNT_ID="9000902011" xsi:type="ns11:ObsBBK_ANCRDT_CNFRMTN_C" CNTRCT_ID="9000902011" ATTRBT_VL="2161066183.16" CNFRMTN_TYP="VL_CNFRMD" VLDTN_ID="GCMA_TH_H_CRRYNG_AMNT_INSTRMNT" />
    <Obs INSTRMNT_ID="9000902011" xsi:type="ns11:ObsBBK_ANCRDT_CNFRMTN_C" CNTRCT_ID="9000902011" ATTRBT_VL="2161066183.16" CNFRMTN_TYP="VL_CNFRMD" VLDTN_ID="GCMA_TH_H_OTSTNDNG_NMNL_AMNT_INSTRMNT" />
  </ns8:DataSet>
</ns8:StructureSpecificData>